{"cameraMode":{"drawMode":0,"name":"Shaded","section":"Shading Mode"},"sceneLighting":false,"audioPlay":false,"sceneViewState":{"m_AlwaysRefresh":false,"showFog":true,"showSkybox":false,"showFlares":true,"showImageEffects":true,"showParticleSystems":true,"showVisualEffectGraphs":true,"m_FxEnabled":true},"in2DMode":false,"pivot":{"x":0.000299990177154541,"y":-0.00020000338554382324,"z":-0.009999997913837433},"rotation":{"x":0.09528278559446335,"y":0.1425241380929947,"z":-0.013573173433542252,"w":0.9851027727127075},"size":0.7119625806808472,"orthographic":false}