{"cameraMode":{"drawMode":0,"name":"Shaded","section":"Shading Mode"},"sceneLighting":false,"audioPlay":false,"sceneViewState":{"m_AlwaysRefresh":false,"showFog":true,"showSkybox":false,"showFlares":true,"showImageEffects":true,"showParticleSystems":true,"showVisualEffectGraphs":true,"m_FxEnabled":true},"in2DMode":false,"pivot":{"x":0.13320107758045197,"y":-0.19211581349372865,"z":-0.7435986995697022},"rotation":{"x":0.045789606869220737,"y":-0.4276276230812073,"z":-0.02169967070221901,"w":-0.9025762677192688},"size":0.3535533845424652,"orthographic":false}