{"cameraMode":{"drawMode":0,"name":"Shaded","section":"Shading Mode"},"sceneLighting":false,"audioPlay":false,"sceneViewState":{"m_AlwaysRefresh":false,"showFog":true,"showSkybox":false,"showFlares":true,"showImageEffects":true,"showParticleSystems":true,"showVisualEffectGraphs":true,"m_FxEnabled":true},"in2DMode":false,"pivot":{"x":16.286924362182618,"y":-0.09035122394561768,"z":1.7050819396972657},"rotation":{"x":0.09591909497976303,"y":0.3946560025215149,"z":0.041481975466012958,"w":-0.9129175543785095},"size":1.8866019248962403,"orthographic":false}