{"cameraMode":{"drawMode":0,"name":"Shaded","section":"Shading Mode"},"sceneLighting":false,"audioPlay":false,"sceneViewState":{"m_AlwaysRefresh":false,"showFog":true,"showSkybox":false,"showFlares":true,"showImageEffects":true,"showParticleSystems":true,"showVisualEffectGraphs":true,"m_FxEnabled":true},"in2DMode":false,"pivot":{"x":13.68885612487793,"y":-10.015450477600098,"z":33.49877166748047},"rotation":{"x":0.17894339561462403,"y":0.20385949313640595,"z":-0.03777049109339714,"w":0.9618927836418152},"size":11.324751853942871,"orthographic":false}