{"cameraMode":{"drawMode":0,"name":"Shaded","section":"Shading Mode"},"sceneLighting":false,"audioPlay":false,"sceneViewState":{"m_AlwaysRefresh":false,"showFog":true,"showSkybox":false,"showFlares":true,"showImageEffects":true,"showParticleSystems":true,"showVisualEffectGraphs":true,"m_FxEnabled":true},"in2DMode":false,"pivot":{"x":17.493000030517579,"y":1.7050000429153443,"z":1.450571060180664},"rotation":{"x":0.07183478772640228,"y":-0.8997289538383484,"z":-0.16204780340194703,"w":-0.3989287316799164},"size":0.4330126941204071,"orthographic":false}