{"cameraMode":{"drawMode":0,"name":"Shaded","section":"Shading Mode"},"sceneLighting":false,"audioPlay":false,"sceneViewState":{"m_AlwaysRefresh":false,"showFog":true,"showSkybox":false,"showFlares":true,"showImageEffects":true,"showParticleSystems":true,"showVisualEffectGraphs":true,"m_FxEnabled":true},"in2DMode":false,"pivot":{"x":0.8038040399551392,"y":0.29099246859550478,"z":-0.7997449636459351},"rotation":{"x":-0.11357363313436508,"y":0.09399335831403732,"z":-0.010756232775747776,"w":-0.9892104864120483},"size":0.3535533547401428,"orthographic":false}