{"cameraMode":{"drawMode":0,"name":"Shaded","section":"Shading Mode"},"sceneLighting":true,"audioPlay":false,"sceneViewState":{"m_AlwaysRefresh":false,"showFog":true,"showSkybox":true,"showFlares":true,"showImageEffects":true,"showParticleSystems":true,"showVisualEffectGraphs":true,"m_FxEnabled":true},"in2DMode":false,"pivot":{"x":30.17461585998535,"y":75.50238037109375,"z":23.888874053955079},"rotation":{"x":0.6785216927528381,"y":0.027523783966898919,"z":-0.02545650117099285,"w":0.7336232662200928},"size":39.97632598876953,"orthographic":true}