{"cameraMode":{"drawMode":0,"name":"Shaded","section":"Shading Mode"},"sceneLighting":false,"audioPlay":false,"sceneViewState":{"m_AlwaysRefresh":false,"showFog":true,"showSkybox":false,"showFlares":true,"showImageEffects":true,"showParticleSystems":true,"showVisualEffectGraphs":true,"m_FxEnabled":true},"in2DMode":false,"pivot":{"x":-0.0015019740676507354,"y":-0.0007077241316437721,"z":0.003196500474587083},"rotation":{"x":-0.1408809870481491,"y":-0.782957136631012,"z":0.5748835206031799,"w":-0.1915084421634674},"size":0.003489559981971979,"orthographic":false}