{"cameraMode":{"drawMode":0,"name":"Shaded","section":"Shading Mode"},"sceneLighting":false,"audioPlay":false,"sceneViewState":{"m_AlwaysRefresh":false,"showFog":true,"showSkybox":false,"showFlares":true,"showImageEffects":true,"showParticleSystems":true,"showVisualEffectGraphs":true,"m_FxEnabled":true},"in2DMode":false,"pivot":{"x":16.83799934387207,"y":1.0621999502182007,"z":1.5470000505447388},"rotation":{"x":0.34659528732299807,"y":-0.5898386836051941,"z":0.3095810115337372,"w":0.6604337096214294},"size":0.17320533096790315,"orthographic":false}