{"cameraMode":{"drawMode":0,"name":"Shaded","section":"Shading Mode"},"sceneLighting":false,"audioPlay":false,"sceneViewState":{"m_AlwaysRefresh":false,"showFog":true,"showSkybox":false,"showFlares":true,"showImageEffects":true,"showParticleSystems":true,"showVisualEffectGraphs":true,"m_FxEnabled":true},"in2DMode":false,"pivot":{"x":-0.04470662772655487,"y":-0.27826985716819765,"z":0.10632692277431488},"rotation":{"x":0.25150007009506228,"y":-0.7462814450263977,"z":0.46633875370025637,"w":0.40296080708503725},"size":0.9036259055137634,"orthographic":false}