{"cameraMode":{"drawMode":0,"name":"Shaded","section":"Shading Mode"},"sceneLighting":true,"audioPlay":false,"sceneViewState":{"m_AlwaysRefresh":false,"showFog":true,"showSkybox":true,"showFlares":true,"showImageEffects":true,"showParticleSystems":true,"showVisualEffectGraphs":true,"m_FxEnabled":true},"in2DMode":false,"pivot":{"x":61.437225341796878,"y":24.233430862426759,"z":69.92877197265625},"rotation":{"x":0.6996361017227173,"y":0.0032152009662240745,"z":-0.0031483746133744718,"w":0.7144850492477417},"size":15.109150886535645,"orthographic":true}