{"cameraMode":{"drawMode":0,"name":"Shaded","section":"Shading Mode"},"sceneLighting":false,"audioPlay":false,"sceneViewState":{"m_AlwaysRefresh":false,"showFog":true,"showSkybox":false,"showFlares":true,"showImageEffects":true,"showParticleSystems":true,"showVisualEffectGraphs":true,"m_FxEnabled":true},"in2DMode":false,"pivot":{"x":16.397653579711915,"y":-5.409195899963379,"z":15.37980842590332},"rotation":{"x":0.008445012383162976,"y":-0.6498494148254395,"z":-0.0072068520821630959,"w":-0.7600303292274475},"size":10.880840301513672,"orthographic":false}