{"cameraMode":{"drawMode":0,"name":"Shaded","section":"Shading Mode"},"sceneLighting":false,"audioPlay":false,"sceneViewState":{"m_AlwaysRefresh":false,"showFog":true,"showSkybox":false,"showFlares":true,"showImageEffects":true,"showParticleSystems":true,"showVisualEffectGraphs":true,"m_FxEnabled":true},"in2DMode":false,"pivot":{"x":0.3298470079898834,"y":0.08163877576589585,"z":0.005471044220030308},"rotation":{"x":0.09524526447057724,"y":-0.6084529757499695,"z":0.07400743663311005,"w":0.7845185995101929},"size":0.16943657398223878,"orthographic":false}