{"cameraMode":{"drawMode":0,"name":"Shaded","section":"Shading Mode"},"sceneLighting":false,"audioPlay":false,"sceneViewState":{"m_AlwaysRefresh":false,"showFog":true,"showSkybox":false,"showFlares":true,"showImageEffects":true,"showParticleSystems":true,"showVisualEffectGraphs":true,"m_FxEnabled":true},"in2DMode":false,"pivot":{"x":17.83259391784668,"y":0.8442813158035278,"z":0.8991447687149048},"rotation":{"x":-0.028721021488308908,"y":-0.8990136981010437,"z":0.05971595644950867,"w":-0.4329860508441925},"size":0.7330126166343689,"orthographic":false}