{"cameraMode":{"drawMode":0,"name":"Shaded","section":"Shading Mode"},"sceneLighting":false,"audioPlay":false,"sceneViewState":{"m_AlwaysRefresh":false,"showFog":true,"showSkybox":false,"showFlares":true,"showImageEffects":true,"showParticleSystems":true,"showVisualEffectGraphs":true,"m_FxEnabled":true},"in2DMode":false,"pivot":{"x":17.493000030517579,"y":1.7050000429153443,"z":1.450571060180664},"rotation":{"x":-0.06736664474010468,"y":0.10758819431066513,"z":-0.0072924671694636349,"w":-0.991927444934845},"size":0.7330126762390137,"orthographic":false}