{"cameraMode":{"drawMode":0,"name":"Shaded","section":"Shading Mode"},"sceneLighting":false,"audioPlay":false,"sceneViewState":{"m_AlwaysRefresh":false,"showFog":true,"showSkybox":false,"showFlares":true,"showImageEffects":true,"showParticleSystems":true,"showVisualEffectGraphs":true,"m_FxEnabled":true},"in2DMode":false,"pivot":{"x":0.001969236647710204,"y":-2.5902409106492998e-9,"z":0.0037416708655655386},"rotation":{"x":0.111616350710392,"y":-0.5125551223754883,"z":0.06765872985124588,"w":0.8486909866333008},"size":-0.8996589779853821,"orthographic":false}